{"type": "model",
 "mean": [4.336577313936306,
  2.0724838047437224,
  6.5155835932576736,
  6.938443755331216,
  7.0219887272952075,
  2.0105541227812513,
  2.479975139402159,
  2.5793616762905236,
  2.3739965579867985],
 "std": [1.000000000506927,
  0.9999999811376077,
  1.0000000005010234,
  1.0000000004199585,
  0.9999999998285897,
  0.9999999809997233,
  0.9999999887372729,
  0.9999999920528759,
  0.9999999889957591],
 "w1": [[-7.21974441],
        [ 0.08518549],
        [ 0.42484412],
        [ 0.22426767],
        [ 0.34632819],
        [-6.34222626],
        [ 0.04423752],
        [ 0.15453728],
        [-0.10507571]],
 "b1": 28.029565025020577}